Date,Open,High,Low,Close,Adj Close,Volume,SMA20,SMA50,EMA20,EMA50,RSI,Daily Return,STD20,Bollinger Upper Band,Bollinger Lower Band
2024-06-20,155.82000732421875,166.82000732421875,155.5,161.77999877929688,161.77999877929688,93245700,,,161.77999877929688,161.77999877929688,,,,,
2024-06-21,161.75,163.1999969482422,157.88999938964844,161.22999572753906,161.22999572753906,61334700,,,161.7276175362723,161.75843003216912,,-0.003399697465124474,,,
2024-06-24,159.75,163.39999389648438,158.19000244140625,160.25,160.25,45954100,,,161.58689205662733,161.69927591326052,,-0.006078246936104592,,,
2024-06-25,160.72999572753906,161.0,156.4499969482422,160.25,160.25,40975300,,,161.4595690036152,161.6424415637209,,0.0,,,
2024-06-26,160.60000610351562,160.74000549316406,156.0,157.5399932861328,157.5399932861328,36973400,,,161.08627607814068,161.4815612391096,,-0.01691111833926484,,,
2024-06-27,157.17999267578125,160.61000061035156,156.80999755859375,159.47000122070312,159.47000122070312,34018200,,,160.93234513933712,161.4026765325054,,0.012250907812754175,,,
2024-06-28,160.22999572753906,166.4499969482422,159.41000366210938,162.2100067138672,162.2100067138672,56204600,,,161.05402719405427,161.43433653961762,,0.017181949408603625,,,
2024-07-01,161.25,161.50999450683594,153.63999938964844,157.69000244140625,157.69000244140625,50436700,,,160.73364388427828,161.28749990831523,,-0.02786513831069659,,,
2024-07-02,157.0399932861328,164.5800018310547,156.6999969482422,164.30999755859375,164.30999755859375,57838600,,,161.07424899611783,161.406029227934,,0.041981070547876476,,,
2024-07-03,164.1999969482422,165.25999450683594,162.50999450683594,163.89999389648438,163.89999389648438,26980900,,,161.3433675580575,161.5038317639556,,-0.0024953056308284483,,,
2024-07-05,165.97000122070312,174.0399932861328,165.67999267578125,171.89999389648438,171.89999389648438,61857100,,,162.3487605426696,161.91152439660377,,0.048810251970190066,,,
2024-07-08,174.89999389648438,178.9499969482422,173.22000122070312,178.69000244140625,178.69000244140625,60223400,,,163.90506929493023,162.5695039277725,,0.039499760244382065,,,
2024-07-09,177.97000122070312,180.41000366210938,174.6999969482422,177.10000610351562,177.10000610351562,43395600,,,165.16172994336694,163.13932754250754,,-0.008898071051356093,,,
2024-07-10,179.99000549316406,187.27999877929688,177.8000030517578,183.9600067138672,183.9600067138672,90247000,,,166.9520420167479,163.9558247649138,75.3775674991489,0.038735179977023027,,,
2024-07-11,184.07000732421875,187.11000061035156,177.25,181.94000244140625,181.94000244140625,59231400,,,168.3794668190963,164.6610866345802,72.04723279449243,-0.01098067079114029,,,
2024-07-12,182.02000427246094,186.99000549316406,179.69000244140625,181.61000061035156,181.61000061035156,50827400,,,169.6395176563587,165.3257499277477,72.39559474024864,-0.0018137948039269602,,,
2024-07-15,184.4499969482422,185.5,178.5399932861328,179.8300018310547,179.8300018310547,42202700,,,170.6100399587107,165.89454412003425,71.14469506996463,-0.009801215645144468,,,
2024-07-16,179.69000244140625,179.75,174.52999877929688,177.5500030517578,177.5500030517578,40633100,,,171.27098882471518,166.35162094088616,67.8056726348029,-0.012678634021473623,,,
2024-07-17,169.8000030517578,169.8000030517578,159.3699951171875,159.42999267578125,159.42999267578125,76954200,,,170.1432749057691,166.08018453833304,51.476791940960275,-0.10205581562673571,,,
2024-07-18,163.41000366210938,163.41000366210938,153.1999969482422,155.77000427246094,155.77000427246094,69420300,167.82050018310548,,168.77439198831118,165.67586374359297,47.18503041657273,-0.022956711857619605,9.886630968560151,187.5937621202258,148.04723824598517
2024-07-19,154.86000061035156,155.80999755859375,150.6199951171875,151.5800018310547,151.5800018310547,47513100,167.31050033569335,,167.13683102095342,165.12308484506207,42.087239275120204,-0.026898647534716713,10.461025658901468,188.23255165349627,146.38844901789042
2024-07-22,154.22999572753906,156.6999969482422,152.5399932861328,155.8699951171875,155.8699951171875,43912500,167.0425003051758,,166.06379903011856,164.76021858122385,48.64056822688957,0.02830184215800635,10.691128250060098,188.424756805296,145.6602438050556
2024-07-23,154.9499969482422,157.0500030517578,153.8000030517578,154.0,154.0,31950600,166.7300003051758,,164.91486578915487,164.33824922509743,41.71088828280112,-0.011997146184431373,10.987360850541252,188.7047220062583,144.7552786040933
2024-07-24,152.72000122070312,153.67999267578125,144.52999877929688,144.6300048828125,144.6300048828125,49203100,165.9490005493164,,162.98297427426513,163.565376897949,36.45819348789569,-0.060844124137581224,11.982311639027,189.9136238273704,141.9843772712624
2024-07-25,144.07000732421875,144.75,136.80999755859375,138.32000732421875,138.32000732421875,60578500,164.9880012512207,,160.63412027902262,162.57536240486155,25.827821261695078,-0.043628551099797575,13.381290006536984,191.75058126429468,138.22542123814674
2024-07-26,140.32000732421875,141.2899932861328,138.27000427246094,139.99000549316406,139.99000549316406,49435800,164.01400146484374,,158.66801410894084,161.6896621338146,19.925389859329286,0.012073438985806817,14.468836708864044,192.95167488257184,135.07632804711565
2024-07-29,141.19000244140625,144.58999633789062,138.75,139.75,139.75,47447200,162.8910011291504,,156.8662984795179,160.82928322660618,20.3524274535187,-0.0017144473444269392,15.45428275403686,193.79956663722413,131.98243562107666
2024-07-30,139.8800048828125,141.6999969482422,134.0500030517578,138.44000244140625,138.44000244140625,68801700,161.9285011291504,,155.11141314255488,159.95127221542188,10.376032007336107,-0.009373864462209336,16.367707420519494,194.66391597018938,129.1930862881114
2024-07-31,150.72999572753906,153.60000610351562,140.02999877929688,144.47999572753906,144.47999572753906,114306800,160.93700103759767,,154.09889719826768,159.34455549040686,19.524876975034516,0.04362895969096203,16.810479884108755,194.55796080581518,127.31604126938015
2024-08-01,145.0,147.2899932861328,130.24000549316406,132.5399932861328,132.5399932861328,94731900,159.36900100708007,,152.04566825425485,158.29339618827845,16.422592787959346,-0.0826412153549807,17.94390482262835,195.25681065233678,123.48119136182336
2024-08-02,133.5,137.10000610351562,131.3300018310547,132.5,132.5,78562000,157.39900131225585,,150.1841760395639,157.28189045540478,16.823201412032176,-0.00030174504420321657,18.644866856392365,194.6887350250406,120.10926759947111
2024-08-05,122.16000366210938,139.13999938964844,121.83000183105469,134.82000732421875,134.82000732421875,76089400,155.20550155639648,,148.7209218761977,156.4010322933975,20.06444739628799,0.017509489239386777,18.58871411793868,192.38292979227384,118.02807332051913
2024-08-06,135.14999389648438,136.44000244140625,129.10000610351562,130.17999267578125,130.17999267578125,64455600,152.85950088500977,,146.95511909520567,155.37275622996157,24.73656243031536,-0.03441636549743743,18.640784291408472,190.1410694678267,115.57793230219282
2024-08-07,133.75,136.24000549316406,128.3699951171875,128.6699981689453,128.6699981689453,54676500,150.09500045776366,,145.2136790069904,154.32558924717662,25.690697119280273,-0.0115992824688248,17.869614415143836,185.83422928805135,114.35577162747599
2024-08-08,131.97000122070312,136.47999572753906,128.94000244140625,136.32000732421875,136.32000732421875,49037500,147.8140007019043,,144.3666626562502,153.6194879952959,37.11149046158097,0.05945449027852545,16.445646287309778,180.70529327652383,114.92270812728474
2024-08-09,134.69000244140625,135.5,132.44000244140625,134.27000427246094,134.27000427246094,40583000,145.44700088500977,,143.40507614350838,152.8606847120475,31.039336114168734,-0.015038167118654577,14.632233381969886,174.71146764894954,116.18253412107
2024-08-12,134.44000244140625,137.99000549316406,133.22999572753906,136.77000427246094,136.77000427246094,39724300,143.29400100708008,,142.77316453674197,152.22967763598527,35.04081241708549,0.018619199526701324,12.286779732737557,167.8675604725552,118.72044154160497
2024-08-13,138.1199951171875,141.19000244140625,137.52000427246094,141.1300048828125,141.1300048828125,42218000,141.4730010986328,,142.61667314112964,151.79439635154714,46.67173938530723,0.03187833935916218,9.271412081245337,160.0158252611235,122.93017693614213
2024-08-14,143.0,143.25,137.63999938964844,140.75,140.75,35506400,140.53900146484375,,142.43889474673634,151.36128276913354,52.604492394487075,-0.0026925874701700936,8.252095859437166,157.04319318371807,124.03480974596943
2024-08-15,143.0,147.9600067138672,141.80999755859375,147.36000061035156,147.36000061035156,43582400,140.11850128173828,,142.90757149565206,151.20436974329894,57.14284869228194,0.046962704158803215,7.625617525058136,155.36973633185454,124.86726623162201
2024-08-16,145.6999969482422,149.3699951171875,145.1999969482422,148.55999755859375,148.55999755859375,31123900,139.96750106811524,,143.4458977873608,151.10066887331052,58.38248762020466,0.008143301732301156,7.413670350993857,154.79484177010295,125.14016036612753
2024-08-19,148.42999267578125,155.3699951171875,147.72000122070312,155.27999877929688,155.27999877929688,60766900,139.9380012512207,,144.57295502468804,151.26456416374137,64.52725151297838,0.045234257748642426,7.347944638436871,154.63389052809444,125.24211197434695
2024-08-20,156.49000549316406,162.0399932861328,154.50999450683594,156.39999389648438,156.39999389648438,76851200,140.05800094604493,,145.69933967914483,151.46595356502542,61.23679564422757,0.0072127455306034705,7.604786969880489,155.2675748858059,124.84842700628396
2024-08-21,156.1199951171875,158.64999389648438,155.07000732421875,157.80999755859375,157.80999755859375,42791200,140.71700057983398,,146.85273566766375,151.71473960398887,79.72240578304535,0.00901536903538891,8.535891609074383,157.78878379798275,123.64521736168521
2024-08-22,158.8699951171875,159.83999633789062,151.00999450683594,151.6999969482422,151.6999969482422,45737300,141.38600006103516,,147.31437959914743,151.71416146062626,69.76120230885616,-0.03871744949544764,8.856448415285113,159.0988968916054,123.67310323046493
2024-08-23,153.60000610351562,156.39999389648438,151.8300018310547,154.97999572753906,154.97999572753906,43694600,142.1354995727539,,148.0444382780419,151.84223339266205,70.34717270544607,0.02162161400976137,9.35248297767296,160.84046552809983,123.43053361740797
2024-08-26,154.6999969482422,158.27999877929688,148.91000366210938,149.99000549316406,149.99000549316406,49893300,142.64749984741212,,148.22973039376782,151.76959700444644,69.85369118033418,-0.0321976408048662,9.494235338303518,161.63597052401917,123.65902917080508
2024-08-27,150.1300048828125,151.6999969482422,148.44000244140625,150.5,150.5,35102700,143.2504997253418,,148.44594654674233,151.71980888662503,72.32563111432232,0.00340018993371638,9.595383033664293,162.44126579267038,124.05973365801322
2024-08-28,149.39999389648438,150.42999267578125,144.72000122070312,146.36000061035156,146.36000061035156,34075800,143.34449996948243,,148.24728502899083,151.50962032677117,61.0621370446698,-0.027508301592348405,9.617245338476213,162.57899064643485,124.11000929253001
2024-08-29,146.58999633789062,149.49000549316406,144.47000122070312,145.49000549316406,145.49000549316406,31602100,143.99200057983398,153.5170004272461,147.9846869779597,151.27355699996306,62.6923143311849,-0.005944213675590615,9.281610110382386,162.55522080059876,125.42878035906921
2024-08-30,147.52000427246094,148.99000549316406,145.25,148.55999755859375,148.55999755859375,31169100,144.79500045776368,153.25260040283203,148.03947846182962,151.1671429042231,63.167299751707965,0.02110105127168982,8.9228322786158,162.64066501499528,126.94933590053208
2024-09-03,146.41000366210938,146.49000549316406,136.10000610351562,136.94000244140625,136.94000244140625,42172700,144.90100021362304,152.76680053710936,146.98238550750358,150.60921582724993,45.97347203795139,-0.07821752361435275,8.809975113268269,162.52095044015957,127.2810499870865
2024-09-04,140.50999450683594,143.3699951171875,138.50999450683594,140.8699951171875,140.8699951171875,42130600,145.43550033569335,152.37920043945311,146.40025308937825,150.2272856033259,50.107948193652255,0.028698646164131647,8.170952080002195,161.77740449569774,129.09359617568896
2024-09-05,138.1999969482422,141.7100067138672,137.8300018310547,139.44000244140625,139.44000244140625,25023000,145.9740005493164,151.96300048828124,145.7373720752857,149.80425489109376,42.14285087152298,-0.010151151596134111,7.318286334050585,160.61057321741757,131.33742788121523
2024-09-06,138.6999969482422,139.1300048828125,132.11000061035156,134.35000610351562,134.35000610351562,39993500,145.87550048828126,151.4992007446289,144.6528610303552,149.19820591903186,36.91287051574139,-0.036503128576962585,7.4668128863700565,160.80912626102136,130.94187471554116
2024-09-09,136.10000610351562,138.4499969482422,134.86000061035156,138.14999389648438,138.14999389648438,27194500,146.06949996948242,151.07280059814454,144.03354035093895,148.76494270246138,33.326818314134826,0.02828423982385897,7.194865832593947,160.45923163467032,131.67976830429453
2024-09-10,139.05999755859375,143.0800018310547,137.25,142.83999633789062,142.83999633789062,37217500,146.3729995727539,150.685400390625,143.9198694925534,148.5325918646351,37.65925371277229,0.033948625759046,6.904089657340607,160.18117888743512,132.5648202580727
2024-09-11,145.32000732421875,150.16000366210938,140.7100067138672,149.86000061035156,149.86000061035156,50935400,146.80949935913085,150.52880035400392,144.48559626567703,148.58464710956514,43.435173772699514,0.04914592867851231,6.8307438432222884,160.47098704557544,133.14801167268627
2024-09-12,148.42999267578125,151.5399932861328,147.64999389648438,150.77000427246094,150.77000427246094,29286200,147.3104995727539,150.25800048828125,145.08411131394215,148.670347390463,49.15989738144033,0.006072358590705429,6.729628948818966,160.76975747039185,133.85124167511597
2024-09-13,152.32000732421875,153.02999877929688,150.6999969482422,152.30999755859375,152.30999755859375,25117200,147.55799942016603,150.02620056152344,145.7722909562899,148.8130787696054,47.509791850072624,0.010214188780878652,6.821936815023074,161.20187305021219,133.91412579011987
2024-09-16,151.6999969482422,154.44000244140625,150.91000366210938,152.0800018310547,152.0800018310547,27677800,147.73399963378907,149.62980072021483,146.37302532531513,148.94119339946616,52.139200294868225,-0.0015100501032480063,6.894172215818606,161.52234406542627,133.94565520215187
2024-09-17,153.5500030517578,154.0399932861328,149.22999572753906,150.82000732421875,150.82000732421875,29889000,147.51100006103516,149.07240081787108,146.7965474204488,149.01487237690745,50.32258838571062,-0.008285076878389752,6.7068282740657885,160.92465660916673,134.0973435129036
2024-09-18,150.89999389648438,152.82000732421875,148.00999450683594,148.2899932861328,148.2899932861328,26320100,147.1055000305176,148.49620056152344,146.93878036003775,148.98644574589667,52.010829647670796,-0.016775055796457772,6.378225202743998,159.8619504360056,134.34904962502958
2024-09-19,153.80999755859375,159.25,152.77000427246094,156.74000549316406,156.74000549316406,44500000,147.0520004272461,147.95180053710936,147.87223037271644,149.29050691245618,60.122372409066415,0.05698302373462605,6.287554800563224,159.62711002837256,134.47689082611964
2024-09-20,156.0,157.4499969482422,152.47000122070312,155.9499969482422,155.9499969482422,40248200,147.2645004272461,147.4320004272461,148.64154147514748,149.55166338444778,56.93375897982283,-0.005040248291661165,6.520416952522423,160.30533433229095,134.22366652220126
2024-09-23,156.4499969482422,157.19000244140625,154.97000122070312,156.75,156.75,21728500,147.35300064086914,146.93480041503906,149.41377562037152,149.8339510948616,73.32234164021739,0.005129868979884211,6.641536347783822,160.6360733364368,134.0699279453015
2024-09-24,157.4600067138672,159.63999938964844,154.5800018310547,158.32000732421875,158.32000732421875,27531200,147.76950073242188,146.50460052490234,150.26198816359508,150.1667376136599,71.752686740342,0.010015995688795742,7.063404913973219,161.8963105603683,133.64269090447544
2024-09-25,158.5,162.9499969482422,158.17999267578125,162.02000427246094,162.02000427246094,35233300,148.34550094604492,146.1940005493164,151.3817992215823,150.63157160027956,76.63991399202928,0.023370368728350854,7.735522268520062,163.81654548308504,132.8744564090048
2024-09-26,167.05999755859375,168.67999267578125,164.0500030517578,167.49000549316406,167.49000549316406,38044900,149.40200119018556,146.35520080566405,152.9159141045901,151.29268665490247,88.75114592510994,0.033761270685467304,8.817368559666377,167.0367383095183,131.7672640708528
2024-09-27,167.47999572753906,168.72999572753906,163.74000549316406,164.35000610351562,164.35000610351562,27876000,150.34500122070312,146.52680084228516,154.0048752473449,151.80473839798535,81.11637697947278,-0.01874738364479067,9.368277765183986,169.0815567510711,131.60844569033515
2024-09-30,163.10000610351562,165.0800018310547,162.17999267578125,164.0800018310547,164.0800018310547,21881600,151.12100143432616,146.77680084228516,154.96441111246014,152.28612127771356,78.18469190276662,-0.00164286134733016,9.843374513611005,170.80775046154818,131.43425240710414
2024-10-01,164.47999572753906,165.39999389648438,158.0800018310547,159.75,159.75,31831900,152.26150131225586,146.8544009399414,155.42018148270205,152.57882240407773,64.13259389989216,-0.026389576930362812,9.42642561846045,171.11435254917677,133.40865007533495
2024-10-02,159.30999755859375,163.10000610351562,158.6699981689453,159.77999877929688,159.77999877929688,24630400,153.20700149536134,146.97000091552735,155.83540217761583,152.86122147761574,63.207250490396724,0.00018778578589584427,9.168523033531496,171.54404756242434,134.86995542829834
2024-10-03,159.7100067138672,166.7899932861328,159.39999389648438,162.85000610351562,162.85000610351562,29598800,154.37750167846679,147.33440093994142,156.5034596943682,153.2529385217687,64.78674970223136,0.01921396512500495,8.805591342884723,171.98868436423624,136.76631899269734
2024-10-04,166.52999877929688,171.2100067138672,164.4199981689453,170.89999389648438,170.89999389648438,44556500,156.20500106811522,147.9860006713867,157.87455818980783,153.94497990901246,71.6520662018814,0.04943191581983597,8.202462495354663,172.60992605882456,139.8000760774059
2024-10-07,171.0800018310547,172.41000366210938,168.2100067138672,170.97000122070312,170.97000122070312,38379900,157.84600143432618,148.6056005859375,159.12174324036928,154.61262780358857,73.83483562617997,0.000409639126500716,7.6656847473402285,173.17737092900663,142.51463193964574
2024-10-08,171.75,173.60000610351562,170.0,172.8000030517578,172.8000030517578,34730200,159.34400177001953,149.26660064697265,160.42443465097773,155.32585820547754,79.48037942484291,0.010703642849556827,7.504572660688942,174.3531470913974,144.33485644864166
2024-10-09,174.0500030517578,174.0500030517578,169.5500030517578,171.02000427246094,171.02000427246094,33890700,160.402001953125,149.91820068359374,161.43353651969042,155.9413149139867,70.45843666164161,-0.010300918679750914,7.588249483535119,175.57850092019524,145.22550298605475
2024-10-10,169.75999450683594,172.00999450683594,162.0,164.17999267578125,164.17999267578125,75113600,161.072501373291,150.3122006225586,161.69510377265146,156.26440031641002,60.04882809225022,-0.03999538899427524,7.278503024929858,175.62950742315073,146.51549532343128
2024-10-11,164.19000244140625,169.35000610351562,163.00999450683594,167.88999938964844,167.88999938964844,42136200,161.85150146484375,151.0192007446289,162.2850938314131,156.72030616241938,62.699488695249215,0.02259719137150662,7.123406572117388,176.09831460907853,147.60468832060897
2024-10-14,167.77000427246094,168.89999389648438,165.14999389648438,165.27000427246094,165.27000427246094,31757200,162.51100158691406,151.67460083007813,162.56937101627477,157.05558844124457,57.737690959876296,-0.015605426926632249,6.773091693856423,176.05718497462692,148.9648181992012
2024-10-15,163.2100067138672,164.1300048828125,155.74000549316406,156.63999938964844,156.63999938964844,50768000,162.80200119018554,152.1110006713867,162.00466895659608,157.03929083137805,44.602726741686965,-0.05221761154301929,6.356581153841933,175.5151634978694,150.08883888250168
2024-10-16,158.07000732421875,158.27999877929688,154.9199981689453,156.1300048828125,156.1300048828125,30575800,163.19400177001953,152.63000091552735,161.44517714004527,157.0036325588853,37.34403352036221,-0.0032558382841110234,5.612768467702609,174.41953870542474,151.9684648346143
2024-10-17,160.0,160.44000244140625,156.1999969482422,156.25,156.25,29491900,163.16950149536132,153.18160095214844,160.95039836480288,156.9740783408898,40.324888876252224,0.0007685589792785219,5.643409360250521,174.45632021586235,151.88268277486029
2024-10-18,157.41000366210938,158.00999450683594,155.55999755859375,155.97000122070312,155.97000122070312,23823000,163.17050170898438,153.5746008300781,160.47607482726957,156.93470276754917,40.3152631949134,-0.0017919921875000355,5.64206407373403,174.45462985645244,151.8863735615163
2024-10-21,155.75999450683594,158.0,154.14999389648438,157.89999389648438,157.89999389648438,25781200,163.2280014038086,154.0472006225586,160.2307337862424,156.97255732162506,47.65644027577932,0.012374127464743978,5.578691316724925,174.38538403725846,152.07061877035875
2024-10-22,156.60000610351562,156.74000549316406,151.91000366210938,154.08999633789062,154.08999633789062,34997400,163.0165008544922,154.3936004638672,159.64590164830415,156.8595157144198,43.4219624954841,-0.02412918116444951,5.848230593368302,174.7129620412288,151.3200396677556
2024-10-23,153.0,153.4499969482422,150.52000427246094,152.91000366210938,152.91000366210938,26095900,162.5610008239746,154.62920043945311,159.00438755438086,156.70463288883903,37.98355178693175,-0.007657814938185514,6.269529046765887,175.10005891750637,150.02194273044285
2024-10-24,154.74000549316406,155.19000244140625,152.35000610351562,153.44000244140625,153.44000244140625,22877000,161.8585006713867,154.88300048828125,158.47444611504994,156.57660816541028,24.20213749324762,0.003466083098578876,6.4720463292645425,174.8025933299158,148.91440801285762
2024-10-25,155.39999389648438,158.91000366210938,155.0500030517578,156.22999572753906,156.22999572753906,29758500,161.4525001525879,155.060400390625,158.26068893528702,156.56301552078787,29.841339401793405,0.018182959083295147,6.561594920981997,174.5756899945519,148.3293103106239
2024-10-28,158.5,160.27999877929688,157.0399932861328,159.9199981689453,159.9199981689453,36010100,161.24449996948243,155.28760040283203,158.4187183861116,156.69466189914698,33.237883118100385,0.023619039507890127,6.539819512921401,174.32413899532523,148.16486094363964
2024-10-29,161.10000610351562,167.50999450683594,158.94000244140625,166.25,166.25,71896000,161.56949996948242,155.50700042724608,159.16455473029146,157.06938104035692,44.44960922643915,0.039582303048599554,6.622626869369055,174.81475370822054,148.3242462307443
2024-10-30,153.00999450683594,153.1199951171875,148.10000610351562,148.60000610351562,148.60000610351562,87701700,161.01050033569337,155.3510006713867,158.1584072420271,156.73724868989257,35.51506529676064,-0.10616537682095861,7.225977956705349,175.46245624910406,146.55854442228267
2024-10-31,147.8000030517578,148.67999267578125,143.3300018310547,144.07000732421875,144.07000732421875,44386600,160.0715003967285,155.07620086669922,156.81665486890248,156.2404941265328,28.186804603239054,-0.030484512740472258,8.137122520889879,176.34574543850826,143.79725535494876
2024-11-01,144.44000244140625,144.5399932861328,141.32000732421875,141.86000061035156,141.86000061035156,39027400,158.61950073242187,154.8794009399414,155.39221160618334,155.67655320432962,28.400059244341804,-0.015339811213403554,8.676280090512705,175.97206091344728,141.26694055139646
2024-11-04,141.6999969482422,143.63999938964844,139.72000122070312,140.7100067138672,140.7100067138672,29117400,157.10650100708008,154.59400115966798,153.9939063783437,155.0896298125468,32.947970458489266,-0.008106540896211323,9.040000693652287,175.18650239438466,139.0264996197755
2024-11-05,141.94000244140625,143.0800018310547,140.8000030517578,141.66000366210938,141.66000366210938,27067300,155.54950103759765,154.42740112304688,152.81924897679755,154.5629778066473,34.65534203662112,0.006751452653783074,8.874961627747927,173.2994242930935,137.7995777821018
2024-11-06,144.9499969482422,145.6300048828125,141.52000427246094,145.10000610351562,145.10000610351562,32911500,154.25350112915038,154.31940124511718,152.08408298886596,154.19188087711274,38.953833595356144,0.02428351230041903,8.375393448007316,171.004288025165,137.50271423313575
2024-11-07,146.67999267578125,150.1199951171875,145.66000366210938,149.82000732421875,149.82000732421875,30326400,153.53550186157227,154.38860137939454,151.86845673509004,154.0204348554306,44.399929972378,0.03252929718924924,8.090303704850816,169.7161092712739,137.35489445187065
2024-11-08,149.38999938964844,150.7100067138672,147.52999877929688,147.9499969482422,147.9499969482422,27560300,152.53850173950195,154.4378012084961,151.49527008872357,153.7823784669134,40.92980983678796,-0.012481713286328633,7.429930040340968,167.39836182018388,137.67864165882003
2024-11-11,147.3800048828125,148.57000732421875,144.91000366210938,147.35000610351562,147.35000610351562,29868100,151.6425018310547,154.41360137939452,151.10048304251328,153.53012857030956,43.47405857320232,-0.004055362332561985,6.873466761785464,165.38943535462562,137.89556830748376
2024-11-12,147.0,147.4499969482422,141.5500030517578,143.6300048828125,143.6300048828125,33560300,150.99200210571288,154.54740142822266,150.3890089320656,153.14188842570184,41.435954195463474,-0.02524602013310928,6.990250687568808,164.9725034808505,137.01150073057528
2024-11-13,142.86000061035156,144.49000549316406,139.07000732421875,139.3000030517578,139.3000030517578,35146600,150.15050201416017,154.51600158691406,149.33291313394105,152.59906939142954,37.80613967609152,-0.030146916966183546,7.343274080066695,164.83705017429355,135.46395385402678
2024-11-14,140.33999633789062,141.39999389648438,138.55999755859375,138.83999633789062,138.83999633789062,31681400,149.28000183105468,154.50400146484375,148.3335877247934,152.0594978991339,34.37556466421485,-0.003302273537612699,7.609267416438352,164.4985366639314,134.06146699817796
2024-11-15,136.57000732421875,137.35000610351562,133.64999389648438,134.89999389648438,134.89999389648438,44217500,148.22650146484375,154.5150012207031,147.05419783638303,151.38657617353982,27.620751185422108,-0.02837800738497276,8.078396589264011,164.38329464337178,132.06970828631572
2024-11-18,138.19000244140625,140.89999389648438,137.2100067138672,138.92999267578125,138.92999267578125,38782400,147.2780014038086,154.53060119628907,146.2804640115638,150.8980827030395,24.51492144286638,0.029873973029155954,7.996067816975158,163.2701370377589,131.28586576985828
2024-11-19,137.41000366210938,139.75,137.13999938964844,139.38999938964844,139.38999938964844,23131400,146.5430015563965,154.46160125732422,145.6242292856671,150.44678531820063,37.35237307363651,0.0033110684381931765,8.012548432957063,162.5680984223106,130.51790469048237
2024-11-20,138.9600067138672,140.77000427246094,135.47999572753906,137.60000610351562,137.60000610351562,28843100,145.7775016784668,154.2164013671875,144.86001755403362,149.94299005487966,40.39204241098741,-0.012841619154679074,8.10307403011533,161.98364973869747,129.57135361823612
2024-11-21,138.8699951171875,140.27999877929688,134.92999267578125,137.49000549316406,137.49000549316406,29311400,144.9800018310547,153.95080139160157,144.15811164347463,149.4546377191261,43.078881686170725,-0.0007994230048856688,8.094133421188378,161.16826867343144,128.79173498867794
2024-11-22,137.35000610351562,139.1300048828125,137.0399932861328,138.35000610351562,138.35000610351562,21784700,144.08600234985352,153.6716015625,143.6049587349071,149.01916196949432,46.227622200747625,0.006255004552998766,7.766983767977412,159.61996988580833,128.5520348138987
2024-11-25,140.49000549316406,142.35000610351562,139.0500030517578,141.1300048828125,141.1300048828125,30923100,143.14650268554686,153.45260162353514,143.3692488442314,148.7097832602127,49.19963979873708,0.02009395487280896,6.830905022993347,156.80831273153356,129.48469263956017
2024-11-26,142.5500030517578,142.8000030517578,136.6199951171875,137.72000122070312,137.72000122070312,32092400,141.72000274658203,153.19060150146484,142.83122526103824,148.27881141552606,38.84522208261145,-0.02416214514369841,4.2397945189883925,150.1995917845588,133.24041370860525
2024-11-27,137.1999969482422,137.94000244140625,132.9600067138672,136.24000549316406,136.24000549316406,30175300,141.10200271606445,152.94960174560546,142.20349004505024,147.80670137935502,27.245314085994295,-0.010746410938286988,4.082045002545286,149.26609272115502,132.93791271097388
2024-11-29,136.24000549316406,138.58999633789062,135.77999877929688,137.17999267578125,137.17999267578125,16085700,140.75750198364258,152.55840148925782,141.7250617241675,147.38996770470507,31.373212395989754,0.006899494603032297,4.109028781153237,148.97555954594907,132.5394444213361
2024-12-02,137.9199981689453,142.82000732421875,137.8000030517578,142.05999755859375,142.05999755859375,33102400,140.7675018310547,152.28060150146484,141.7569603750652,147.18094926760267,42.03071986171005,0.035573736283440294,4.112095281793854,148.9916923946424,132.54331126746698
2024-12-03,142.5800018310547,143.4499969482422,141.0800018310547,141.97999572753906,141.97999572753906,22665300,140.83100128173828,151.98520141601563,141.7782018372056,146.97699030524723,47.20810662458581,-0.0005631552332083789,4.120956817103749,149.07291491594577,132.5890876475308
2024-12-04,142.9600067138672,144.1199951171875,141.17999267578125,143.99000549316406,143.99000549316406,25942700,140.947501373291,151.69860137939452,141.98884980443972,146.85985364594987,58.611826201173855,0.014156992718060257,4.178164000678516,149.30382937464805,132.59117337193396
2024-12-05,143.67999267578125,143.9499969482422,140.3800048828125,141.36000061035156,141.36000061035156,29576900,140.7605010986328,151.28540130615235,141.92895940500276,146.64417313474993,54.285720217214504,-0.018265190516555396,4.064684307974219,148.88986971458124,132.63113248268436
2024-12-06,141.47999572753906,142.7899932861328,137.39999389648438,138.58999633789062,138.58999633789062,33576800,140.1990005493164,150.70740112304688,141.61096292242064,146.32832306428486,56.53560220574007,-0.019595389505523864,3.481093993754109,147.16118853682462,133.23681256180816
2024-12-09,135.7100067138672,135.77000427246094,130.0,130.8699951171875,130.8699951171875,57055600,139.34500045776366,150.03780090332032,140.58801360763653,145.72211412518303,37.374695852116005,-0.055703885018376864,3.573354361931466,146.4917091816266,132.19829173390073
2024-12-10,131.55999755859375,131.55999755859375,127.06999969482422,127.73999786376953,127.73999786376953,38907200,138.36450004577637,149.3110008239746,139.36439306060157,145.01693309532368,33.15987252141204,-0.023916843968819657,3.933504632490793,146.23150931075796,130.49749078079478
2024-12-11,128.52000427246094,131.2100067138672,126.22000122070312,130.14999389648438,130.14999389648438,45588100,137.69049949645995,148.7190007019043,138.48683123544757,144.4339158718398,39.42060382496729,0.018866416729433677,4.133583576288213,145.95766664903638,129.42333234388352
2024-12-12,130.0,132.32000732421875,129.07000732421875,130.60000610351562,130.60000610351562,34267100,137.25549964904786,148.13540084838868,137.73570503240643,143.8914096064153,40.30942919710912,0.003457642936112393,4.404207605275314,146.0639148595985,128.44708443849723
2024-12-13,131.3000030517578,131.3000030517578,124.7699966430664,126.91000366210938,126.91000366210938,67544700,136.65900001525878,147.41660079956054,136.7046858542829,143.2254721184033,35.096409018027074,-0.02825422870563643,4.952119531194541,146.56323907764786,126.7547609528697
2024-12-16,126.01000213623047,127.76000213623047,123.12000274658203,126.69000244140625,126.69000244140625,42090300,136.24850044250488,146.53240097045898,135.750906481628,142.57702232714854,29.84367205807368,-0.0017335215062231901,5.423452392839338,147.09540522818355,125.4015956568262
2024-12-17,124.44999694824219,127.08000183105469,123.1500015258789,125.0199966430664,125.0199966430664,43314900,135.55300064086913,145.61340087890625,134.72891506843166,141.88851151600807,31.367377690797966,-0.01318182781717303,5.929752718665411,147.41250607819995,123.6934952035383
2024-12-18,125.43000030517578,127.75,120.43000030517578,121.41000366210938,121.41000366210938,49724400,134.65400085449218,144.58560089111327,133.4604473154486,141.0854327766395,29.52224132554592,-0.028875324571185246,6.638068721242554,147.9301382969773,121.37786341200707
2024-12-19,122.16000366210938,123.37999725341797,118.44999694824219,118.87999725341797,118.87999725341797,46160700,133.7180004119873,143.54280075073243,132.07183302382663,140.21463138357197,25.79368323151735,-0.020838533336450138,7.468648425331335,148.65529726264998,118.78070356132463
2024-12-20,118.0,121.86000061035156,117.9000015258789,119.20999908447266,119.20999908447266,53591200,132.80400009155272,142.64340087890625,130.8468964581739,139.39092031301905,15.639139460353462,0.0027759239458191587,8.076540508731824,148.95708110901637,116.65091907408907
2024-12-23,120.70999908447266,126.33999633789062,120.47000122070312,124.5999984741211,124.5999984741211,47777900,132.11649971008302,141.7776008605957,130.251953793026,138.81088416247403,27.46371737551445,0.04521432288435023,8.164344655938917,148.44518902196086,115.78781039820518
2024-12-24,127.51000213623047,127.51000213623047,124.66000366210938,126.29000091552734,126.29000091552734,24829600,131.37449951171874,140.99800079345704,129.87462494754993,138.319869133182,26.8567057519886,0.013563422649296886,7.974193496176789,147.32288650407233,115.42611251936516
2024-12-26,125.5199966430664,127.30000305175781,125.05000305175781,125.05999755859375,125.05999755859375,24998200,130.7414993286133,140.36640075683593,129.41608900574457,137.79987416947267,27.87731925969247,-0.009739514989443365,7.9464034721970505,146.63430627300738,114.84869238421919
2024-12-27,124.37000274658203,126.18000030517578,122.26000213623047,125.19000244140625,125.19000244140625,32924000,130.1889991760254,139.7476007080078,129.01360457104568,137.30536939582302,30.409381381526075,0.0010395401035538931,7.928103423534188,146.04520602309375,114.33279232895701
2024-12-30,123.55999755859375,124.0999984741211,122.3499984741211,122.44000244140625,122.44000244140625,30501600,129.45199966430664,139.07140075683594,128.38754722536572,136.72241382898315,35.57990915730112,-0.021966610323273295,7.9291309959403975,145.31026165618744,113.59373767242585
2024-12-31,123.0999984741211,123.55000305175781,120.13999938964844,120.79000091552734,120.79000091552734,30203400,128.38849983215331,138.3678007507324,127.6639713863335,136.09761332257312,37.47749674754458,-0.013476000432689594,7.567239718635422,143.52297926942416,113.25402039488247
2025-01-02,122.29000091552734,123.13999938964844,119.44000244140625,120.62999725341797,120.62999725341797,34256200,127.32099990844726,137.6224008178711,126.9940690879606,135.49104014339056,31.333367840085728,-0.0013246432725939616,7.036273318627982,141.39354654570323,113.2484532711913
2025-01-03,121.6500015258789,125.55999755859375,121.41999816894531,125.37000274658203,125.37000274658203,36785300,126.38999977111817,137.0480009460449,126.8393961030674,135.09413671606472,41.221890167055136,0.039293754464789776,5.84577724201719,138.08155425515255,114.69844528708379
2025-01-06,129.07000732421875,130.72999572753906,127.36000061035156,129.5500030517578,129.5500030517578,48020200,125.79949989318848,136.58080093383788,127.09754914579982,134.8767197096213,54.35930785232248,0.033341311426985154,4.747298473828878,135.29409684084624,116.30490294553073
2025-01-07,130.50999450683594,131.7100067138672,126.8499984741211,127.33000183105469,127.33000183105469,39220400,125.23650016784669,136.05860092163087,127.11968749677646,134.58076998889322,50.99132405327524,-0.017136249852623964,3.7035280210966826,132.64355621004006,117.82944412565332
2025-01-08,124.51000213623047,125.30000305175781,120.12000274658203,121.83999633789062,121.83999633789062,46723100,124.78500022888184,135.3708009338379,126.61685976735876,134.08113180650096,45.595570981526095,-0.04311635446647022,3.526808645987795,131.83861752085744,117.73138293690626
2025-01-10,118.18000030517578,118.70999908447266,114.44999694824219,116.04000091552734,116.04000091552734,59415600,124.20000038146972,134.49320098876953,125.60953987670814,133.37363647744317,42.98772742461222,-0.04760337817376936,3.9551945246047646,132.11038943067925,116.2896113322602
2025-01-13,115.27999877929688,117.4800033569336,114.41000366210938,117.31999969482422,117.31999969482422,39128900,123.55850067138672,133.51460098266602,124.82005985938585,132.74408209381104,47.89417311546455,0.01103066846947609,3.979746486772627,131.51799364493198,115.59900769784147
2025-01-14,118.0,118.66000366210938,114.5,116.08999633789062,116.08999633789062,37005300,122.83300018310547,132.8644007873535,123.98862523829106,132.09098069161809,45.888243722192904,-0.010484174566426141,3.9510025306005403,130.73500524430654,114.93099512190439
2025-01-15,117.55000305175781,120.41999816894531,117.45999908447266,119.95999908447266,119.95999908447266,38185800,122.48549995422363,132.3822006225586,123.60494655697502,131.61525592271042,43.629879551185816,0.03333622937947234,3.8785174100618365,130.2425347743473,114.72846513409995
2025-01-16,120.23999786376953,121.08999633789062,118.25,118.44000244140625,118.44000244140625,29414100,122.07299995422363,131.91380065917969,123.11304711739704,131.09857931560046,39.17242273427646,-0.012670862409694283,3.8463936127808824,129.7657871797854,114.38021272866187
2025-01-17,120.77999877929688,122.73999786376953,120.55000305175781,121.45999908447266,121.45999908447266,35765900,121.89500007629394,131.5288005065918,122.95561397140423,130.72059577712486,45.26814281883545,0.025498113650921583,3.7847160368749866,129.4644321500439,114.32556800254396
2025-01-21,122.38999938964844,123.75,121.12000274658203,122.27999877929688,122.27999877929688,31578800,121.93849983215333,131.14120040893556,122.891269667394,130.38959197328847,46.24321864621131,0.0067511913469875395,3.783847888481421,129.50619560911616,114.37080405519049
2025-01-22,123.08000183105469,125.6500015258789,121.91000366210938,123.75,123.75,35023800,122.18199996948242,130.71420028686524,122.97305350859457,130.12921581747324,51.748994835237724,0.012021599896777202,3.7330236123474787,129.64804719417737,114.71595274478746
2025-01-23,121.43000030517578,123.70999908447266,120.62999725341797,123.04000091552734,123.04000091552734,24921100,122.37350006103516,130.1786001586914,122.97942945211199,129.85120738994596,53.08134675181384,-0.005737366339172989,3.670248601777566,129.7139972645903,115.03300285748003
2025-01-24,124.55000305175781,125.25,122.2300033569336,122.83999633789062,122.83999633789062,31570300,122.28549995422364,129.67640014648438,122.96615010790043,129.57625793692418,53.023253678024616,-0.0016255248386581878,3.6349850821023257,129.5554701184283,115.01552979001899
2025-01-27,117.80000305175781,118.08000183105469,112.80000305175781,115.01000213623047,115.01000213623047,61067900,121.72150001525878,129.02960006713866,122.20842172964616,129.00503221924993,36.9323905526384,-0.0637414069935539,3.8497035861459676,129.4209071875507,114.02209284296684
2025-01-28,115.18000030517578,116.1500015258789,112.94999694824219,114.16999816894531,114.16999816894531,40554800,121.17700004577637,128.44039993286134,121.44285758100798,128.4232661780615,28.815422052605413,-0.007303747080103173,4.113739151180906,129.40447834813818,112.94952174341455
2025-01-29,115.7699966430664,118.5199966430664,114.95999908447266,117.3499984741211,117.3499984741211,40199100,120.78499984741211,128.0013998413086,121.05306147559018,127.98902038575012,36.607618377953145,0.027853204486086636,4.084647868395579,128.95429558420327,112.61570411062095
2025-01-30,118.52999877929688,120.44000244140625,117.08999633789062,118.86000061035156,118.86000061035156,29788400,120.60599975585937,127.6017999267578,120.84419853604365,127.6310196102443,45.52284279320214,0.012867508784531134,4.086746124189765,128.7794920042389,112.43250750747984
2025-01-31,119.13999938964844,119.56999969482422,115.33000183105469,115.94999694824219,115.94999694824219,40533600,120.36399955749512,127.22279998779297,120.37808409911018,127.1729402901658,49.85191848223537,-0.024482615237812366,4.216518940807845,128.7970374391108,111.93096167587943
2025-02-03,113.87999725341797,115.16000366210938,112.9800033569336,114.2699966430664,114.2699966430664,34586100,120.04599952697754,126.72960006713868,119.79636148424888,126.66694250008348,45.047089630865266,-0.014489006894288226,4.429834521943712,128.90566857086498,111.18633048309012
2025-02-04,115.44999694824219,119.8499984741211,114.79000091552734,119.5,119.5,69412100,119.75249938964843,126.3318000793457,119.76813658098708,126.38588593145276,54.90083763231372,0.04576882393083492,4.249306460645192,128.25111231093882,111.25388646835805
2025-02-05,107.61000061035156,112.08999633789062,106.5,112.01000213623047,112.01000213623047,110385200,118.87549934387206,125.82,119.0292666338674,125.82212578262052,39.651137476869486,-0.06267780639137688,3.91789488747964,126.71128911883135,111.03970956891278
2025-02-06,110.93000030517578,112.55999755859375,109.0199966430664,110.16000366210938,110.16000366210938,50426600,118.01699943542481,125.2733999633789,118.1845749222714,125.20792491514949,39.31337428339042,-0.016516368528152192,3.848368878358261,125.71373719214132,110.32026167870829
2025-02-07,109.12999725341797,109.91999816894531,106.79000091552734,107.55999755859375,107.55999755859375,46082500,117.30299949645996,124.65759979248047,117.17271041144495,124.51584933253946,31.86326187149851,-0.023602088027253054,4.388541192297587,126.08008188105514,108.52591711186479
2025-02-10,108.44000244140625,111.4000015258789,108.1500015258789,110.4800033569336,110.4800033569336,34905400,117.02499961853027,124.04459976196289,116.53530973958672,123.96542400016276,35.40327897691421,0.027147693051491117,4.64156855517466,126.30813672887959,107.74186250818096
2025-02-11,108.9800033569336,113.06999969482422,108.94000244140625,111.0999984741211,111.0999984741211,35033800,116.71399955749511,123.51219970703124,116.01766104763762,123.46089750894545,34.015672548130055,0.005611831085707397,4.825498104380942,126.364995766257,107.06300334873323
2025-02-12,109.5199966430664,111.83999633789062,109.05999755859375,111.72000122070312,111.72000122070312,25319700,116.49549980163575,123.02179962158203,115.60836011173909,123.00047020352419,35.66363429940721,0.005580582854161298,4.952506030474766,126.40051186258528,106.59048774068621
2025-02-13,112.0,114.5999984741211,110.4000015258789,111.80999755859375,111.80999755859375,40911800,116.0879997253418,122.51439971923828,115.24661129715382,122.56162813901712,35.991877225885446,0.0008055526038961425,4.987611248731953,126.0632222228057,106.1127772278779
2025-02-14,112.6500015258789,114.62999725341797,111.69999694824219,113.0999984741211,113.0999984741211,32477200,115.82099952697754,121.93519973754883,115.04217198067451,122.19058383843297,47.091071172941525,0.011537438008182743,4.9979969987115505,125.81699352440064,105.82500552955445
2025-02-18,114.05000305175781,115.55000305175781,113.44999694824219,114.27999877929688,114.27999877929688,31720300,115.46199951171874,121.38119979858398,114.96958405673378,121.88036481650607,50.16581333406937,0.010433247755045505,4.82656166742281,125.11512284656436,105.80887617687313
2025-02-19,114.25,116.11000061035156,113.13999938964844,114.69000244140625,114.69000244140625,28807700,115.08249969482422,120.79519973754883,114.94295723622639,121.59838982140411,45.62500894069177,0.0035877114673512622,4.552897956840732,124.18829560850568,105.97670378114276
2025-02-20,115.01000213623047,116.55000305175781,113.11000061035156,114.16999816894531,114.16999816894531,27219600,114.60349960327149,120.25139968872071,114.86934208696152,121.3070803448371,42.02652257038572,-0.004533998268302475,4.071512017362671,122.74652363799683,106.46047556854614
2025-02-21,114.8499984741211,115.76000213623047,110.43000030517578,110.83999633789062,110.83999633789062,41353700,113.99349937438964,119.6963996887207,114.4855948727643,120.89660646221176,41.43480106806347,-0.02916704812526183,3.631111102209292,121.25572157880822,106.73127716997107
2025-02-24,111.48999786376953,111.5999984741211,107.9800033569336,108.11000061035156,108.11000061035156,29072200,113.25699958801269,119.24119979858398,113.87839541920118,120.3951709386094,40.02591720084348,-0.02463005970531429,3.211990687619256,119.6809809632512,106.83301821277418
2025-02-25,107.88999938964844,108.63999938964844,103.62000274658203,103.95999908447266,103.95999908447266,39169200,112.70449943542481,118.76559982299804,112.93378624446514,119.75065439530992,23.926182306109126,-0.038386842127920096,3.7924916918777694,120.28948281918035,105.11951605166927
2025-02-26,104.94999694824219,105.80000305175781,103.98999786376953,104.73999786376953,104.73999786376953,29178200,112.23299942016601,118.25739990234375,112.15342544630366,119.16200119799463,34.25725287745989,0.007502874049307051,4.168277600144393,120.5695546204548,103.89644421987722
2025-02-27,105.08000183105469,105.76000213623047,99.5,99.51000213623047,99.51000213623047,47263700,111.34099960327148,117.63559982299805,110.94928989296335,118.39133456812152,29.882890130126242,-0.04993312807148875,4.866069049997355,121.0731377032662,101.60886150327677
2025-02-28,99.55999755859375,101.80000305175781,98.69000244140625,99.86000061035156,99.86000061035156,45194600,110.39099960327148,117.0945997619629,109.89316710414317,117.66461558938545,34.10405334401827,0.003517219039367969,5.166297125135371,120.72359385354223,100.05840535300074
2025-03-03,101.5199966430664,102.33999633789062,97.08999633789062,98.2300033569336,98.2300033569336,38958000,109.50499992370605,116.52539978027343,108.78238960440893,116.90247393321087,23.288260111529596,-0.016322824388697255,5.658758294596876,120.82251651289981,98.1874833345123
2025-03-04,96.0,103.18000030517578,95.88999938964844,100.75,100.75,54156900,108.82900009155273,116.0399998474121,108.01740011827474,116.26904358288888,29.158274484355132,0.025654042114908737,5.863422198879124,120.55584448931097,97.10215569379449
2025-03-05,100.36000061035156,101.83999633789062,98.87000274658203,101.66999816894531,101.66999816894531,27855500,107.9375,115.64519973754882,107.41288564691003,115.69653199802835,30.003964979455574,0.009131495473402529,5.499762190939693,118.93702438187938,96.93797561812062
2025-03-06,99.05000305175781,101.08000183105469,98.2699966430664,98.8499984741211,98.8499984741211,28985000,107.27949981689453,115.24459976196289,106.5973725828349,115.0358836245418,26.740842875784068,-0.027736793012804184,5.767597440578649,118.81469469805182,95.74430493573723
2025-03-07,98.87999725341797,100.6500015258789,96.38999938964844,100.30999755859375,100.30999755859375,33254400,106.78699951171875,114.86659973144532,105.9985749614786,114.4583978964654,27.18514992186877,0.014769844279308497,5.927029755854974,118.6410590234287,94.9329400000088
2025-03-10,98.56999969482422,101.29000091552734,95.83000183105469,96.62999725341797,96.62999725341797,38733200,106.24049949645996,114.30719970703124,105.10632946547281,113.75924493007138,21.093995017526623,-0.036686276490298986,6.341417226498525,118.923333949457,93.55766504346292
2025-03-11,96.79000091552734,98.16000366210938,94.7300033569336,96.76000213623047,96.76000213623047,34078300,105.5544994354248,113.71659973144531,104.31144114840211,113.09260795776389,20.363628384583123,0.0013453884560459262,6.595662019003794,118.7458234734324,92.36317539741721
2025-03-12,99.05000305175781,101.72000122070312,98.16999816894531,100.79000091552734,100.79000091552734,34241300,105.03899955749512,113.23119979858399,103.97606588812832,112.61015277963696,30.183645654260374,0.041649428382845244,6.542112470612256,118.12322449871962,91.95477461627061
2025-03-13,99.72000122070312,100.06999969482422,97.2699966430664,98.11000061035156,98.11000061035156,28575200,104.35849952697754,112.6895997619629,103.41739300453054,112.04151936123361,30.776198490618896,-0.026589942264430566,6.518391444051155,117.39528241507985,91.32171663887523
2025-03-14,99.63999938964844,101.22000122070312,99.58000183105469,100.97000122070312,100.97000122070312,24715300,103.81649971008301,112.26019973754883,103.18430807273745,111.60734217925203,39.259925560590816,0.029150959051668757,6.313648270407097,116.44379625089721,91.18920316926881
2025-03-17,102.5999984741211,106.1500015258789,102.5999984741211,104.58999633789062,104.58999633789062,43689500,103.39099960327148,111.9361996459961,103.31818314560918,111.33215214625747,50.963004532156475,0.03585218454414796,5.930185388418692,115.25137038010887,91.5306288264341
2025-03-18,103.8499984741211,104.55000305175781,102.97000122070312,103.51000213623047,103.51000213623047,27152800,102.85249977111816,111.59379974365234,103.33645162090644,111.0254011654721,48.13693350381031,-0.010325979916579242,5.349958648350085,113.55241706781833,92.152582474418
2025-03-19,104.41999816894531,107.9000015258789,101.95999908447266,106.2300033569336,106.2300033569336,32287500,102.42949981689453,111.21099975585938,103.61202797671855,110.837346349451,61.016400955150644,0.026277665583692267,4.653926327757623,111.73735247240978,93.12164716137929
2025-03-20,105.12000274658203,108.26000213623047,105.12000274658203,107.13999938964844,107.13999938964844,26871800,102.07799987792968,110.76279968261719,103.94802525414045,110.69235235102737,61.71925777198955,0.008566280748925958,3.929644657487474,109.93728919290463,94.21871056295474
2025-03-21,105.33000183105469,107.25,104.33000183105469,106.44000244140625,106.44000244140625,30767900,101.85800018310547,110.34499969482422,104.18535641483243,110.52559353104223,63.624301345311466,-0.006533479113588814,3.514530159758799,108.88706050262307,94.82893986358788
2025-03-24,109.7300033569336,114.8499984741211,109.4000015258789,113.8499984741211,113.8499984741211,53342000,102.14500007629394,110.18519973754883,105.10579851571705,110.65596235233946,68.703605707801,0.06961664658730116,4.216257117452216,110.57751431119837,93.71248584138951
2025-03-25,113.2699966430664,114.94999694824219,112.70999908447266,114.80999755859375,114.80999755859375,29077500,102.6875,110.16059967041015,106.03000794837197,110.81886569376121,68.73931264038549,0.008432139634071856,5.073053030792429,112.83360606158486,92.54139393841514
2025-03-26,114.11000061035156,115.9000015258789,108.68000030517578,110.19000244140625,110.19000244140625,39824000,102.96000022888184,110.0179997253418,106.42619790008953,110.79420438974729,65.38254316478489,-0.04024035550414207,5.329022532663783,113.61804529420941,92.30195516355427
2025-03-27,106.11000061035156,107.62000274658203,105.55000305175781,106.6500015258789,106.6500015258789,32773700,103.31700019836425,109.82919982910157,106.4475125311171,110.6316866303799,58.14073869584307,-0.03212633484974958,5.324895774060112,113.96679174648447,92.66720865024404
2025-03-28,105.52999877929688,106.51000213623047,102.4800033569336,103.22000122070312,103.22000122070312,31069100,103.48500022888183,109.49439987182618,106.14013050155386,110.34103230058867,58.51642213744237,-0.0321612776005773,5.262728267496016,114.01045676387386,92.9595436938898
2025-03-31,100.23999786376953,102.81999969482422,98.80000305175781,102.73999786376953,102.73999786376953,30865300,103.71049995422364,109.18039978027343,105.8163083455744,110.04295251875263,57.65881031407171,-0.004650294044341807,5.120407577372103,113.95131510896785,93.46968479947942
2025-04-01,102.16000366210938,102.83000183105469,100.93000030517578,102.77999877929688,102.77999877929688,23523200,103.81199989318847,108.80679977416992,105.52713600592892,109.75813080347986,52.838800271045,0.00038934121431832835,5.07858314843177,113.96916619005201,93.65483359632493
2025-04-02,101.5199966430664,104.19000244140625,100.76000213623047,102.95999908447266,102.95999908447266,20794000,103.87649993896484,108.42039978027344,105.28264677531403,109.49153740273448,57.45007900119797,0.0017513164751277177,5.058097509977944,113.99269495892074,93.76030491900895
2025-04-03,97.79000091552734,99.44999694824219,93.63999938964844,93.80000305175781,93.80000305175781,50472500,103.62400016784667,107.82139984130859,104.18906165878487,108.87618311446089,40.7721973298477,-0.08896655122538999,5.434284961640738,114.49257009112814,92.7554302445652
2025-04-04,90.0999984741211,91.08000183105469,83.66999816894531,85.76000213623047,85.76000213623047,65847000,102.89650039672851,107.07579986572266,102.4339131328273,107.9696662133538,28.241273049747306,-0.08571429268601372,6.7225163752003185,116.34153314712916,89.45146764632787
2025-04-07,80.68000030517578,89.0,77.75,83.63999938964844,83.63999938964844,70515400,102.24700050354004,106.29179992675782,100.64401658585788,107.01556163203203,27.578416539553103,-0.024720180664342672,7.886561084486533,118.0201226725131,86.47387833456698
2025-04-08,86.1500015258789,88.93000030517578,76.4800033569336,78.20999908447266,78.20999908447266,69910200,101.31950035095215,105.55579986572266,98.50744349048787,105.88593172820617,20.204156933858883,-0.06492109450980954,9.493000813684812,120.30550197832179,82.33349872358252
2025-04-09,79.22000122070312,97.91000366210938,78.87000274658203,96.83999633789062,96.83999633789062,97827400,101.12200012207032,105.20919982910156,98.34863899976432,105.53118916388009,42.04509993400585,0.23820480081192907,9.54554093823405,120.21308199853841,82.03091824560222
2025-04-10,91.0,92.94999694824219,85.05999755859375,88.69999694824219,88.69999694824219,65210600,100.65149993896485,104.63619979858399,97.42972070914317,104.87114241032566,37.71127231000924,-0.08405617201023685,9.926138533696347,120.50377700635754,80.79922287157216
2025-04-11,90.51000213623047,94.76000213623047,90.5,93.4000015258789,93.4000015258789,57892600,100.27299995422364,104.12699981689452,97.04593792978466,104.42129374819051,35.28141889383775,0.05298765207826617,10.056822347912663,120.38664465004896,80.1593552583983
2025-04-14,97.11000061035156,97.37000274658203,93.44999694824219,94.5,94.5,36003000,99.7685001373291,103.69799987792969,96.80346765075755,104.03222340512421,35.41158067769541,0.011777285397755799,10.081913217560432,119.93232657244997,79.60467370220823
2025-04-15,94.66000366210938,96.8499984741211,94.62000274658203,95.29000091552734,95.29000091552734,28116500,99.35750007629395,103.31839996337891,96.659327961688,103.68939115063023,38.67436905272922,0.008359798047908429,10.08890533280169,119.53531074189732,79.17968941069057
2025-04-16,87.61000061035156,90.47000122070312,85.30000305175781,88.29000091552734,88.29000091552734,62109000,98.46049995422364,102.69419998168945,95.862249195387,103.0854934943517,36.741768375390855,-0.07345996361365725,10.242070764670224,118.94464148356408,77.97635842488319
2025-04-17,88.83999633789062,89.02999877929688,86.5199966430664,87.5,87.5,34693400,97.4784999847412,102.20399993896484,95.06584451011204,102.4742976710438,38.19819836332319,-0.008947795982958362,10.307413344970557,118.09332667468232,76.8636732948001
2025-04-21,86.0199966430664,86.13999938964844,83.75,85.55999755859375,85.55999755859375,33855400,96.43449974060059,101.71199981689453,94.1605257528246,101.81099178428106,37.37878416426581,-0.02217145647321428,10.408893138545222,117.25228601769103,75.61671346351014
2025-04-22,86.12000274658203,87.16999816894531,85.16999816894531,86.26000213623047,86.26000213623047,35236700,95.05499992370605,101.28599990844727,93.40809493219659,101.20114905298496,37.98021353642263,0.00818144690989886,9.789135980074146,114.63327188385435,75.47672796355775
2025-04-23,91.87999725341797,93.73999786376953,90.12000274658203,90.38999938964844,90.38999938964844,41102600,93.8340000152588,100.88419982910156,93.12065726147772,100.77718239952078,41.351315059953265,0.04787847381333776,8.652355822765198,111.1387116607892,76.52928836972839
2025-04-24,91.58999633789062,94.75,90.37000274658203,94.47000122070312,94.47000122070312,33681900,93.04799995422363,100.55159988403321,93.24916620997539,100.52984196113579,50.49563400946231,0.04513775703733369,7.755920402950857,108.55984076012534,77.53615914832191
2025-04-25,93.27999877929688,97.0999984741211,92.8499984741211,96.6500015258789,96.6500015258789,28575300,92.54799995422363,100.25019989013671,93.57305528768048,100.3776913558316,58.82066859834217,0.023076111749832817,7.129965280819629,106.80793051586289,78.28806939258436
2025-04-28,95.58000183105469,97.48999786376953,94.2699966430664,96.38999938964844,96.38999938964844,30456700,92.2064998626709,99.94179992675781,93.84133567834408,100.22131127872638,60.648068974709965,-0.0026901410463077147,6.74509020495894,105.69668027258878,78.71631945275301
2025-04-29,95.76000213623047,97.18000030517578,95.33000183105469,96.05999755859375,96.05999755859375,20700600,91.87249984741212,99.60099990844726,94.05263680979644,100.05812250538784,66.29541226511617,-0.0034236106768782415,6.349854286505132,104.57220842042238,79.17279127440185
2025-04-30,92.80999755859375,97.55000305175781,91.87000274658203,97.3499984741211,97.3499984741211,29730700,91.60099983215332,99.26239990234374,94.36667125401783,99.95192156298522,50.681274277536595,0.013429116680337971,5.963253937009496,103.52750770617232,79.67449195813433
2025-05-01,99.2699966430664,100.0999984741211,96.44999694824219,96.6500015258789,96.6500015258789,29591500,91.28549995422364,98.9015998840332,94.58413127990936,99.82243450270654,63.254419971655,-0.0071905183278279106,5.477813160749392,102.24112627572242,80.32987363272485
2025-05-02,98.4000015258789,99.87999725341797,98.30000305175781,98.80000305175781,98.80000305175781,29957900,91.53549995422364,98.59419998168946,94.98564287722826,99.78233915168894,59.83964931489786,0.022245230128663973,5.707876987724242,102.95125392967212,80.11974597877516
2025-05-05,99.0,102.05000305175781,98.76000213623047,100.58999633789062,100.58999633789062,41268900,92.27699966430664,98.38919998168946,95.51939082586277,99.81401198252038,60.82473387982174,0.018117340393148496,5.878813108586041,104.03462588147872,80.51937344713457
2025-05-06,98.41000366210938,100.06999969482422,97.44000244140625,98.62000274658203,98.62000274658203,54264300,93.02599983215332,98.19940002441406,95.81468719926461,99.76718809091497,55.68065866330706,-0.019584388736740954,5.671091592113183,104.36818301637969,81.68381664792695
2025-05-07,100.75,103.41999816894531,96.87999725341797,100.36000061035156,100.36000061035156,86474400,94.13349990844726,98.12740005493164,96.2475741907967,99.7904356406968,75.09355923536005,0.01764345787173327,4.70613752654371,103.54577496153468,84.72122485535985
2025-05-08,101.91999816894531,105.44000244140625,101.55999755859375,101.69999694824219,101.69999694824219,54231400,94.37649993896484,98.0666000366211,96.76685254864866,99.86532039785544,78.86179315649258,0.01335189647012025,4.971247075301182,104.31899408956721,84.43400578836247
2025-05-09,102.58999633789062,103.54000091552734,101.5999984741211,102.83999633789062,102.83999633789062,31704300,95.08349990844727,98.13319992065429,97.34524719524313,99.9819743562882,86.30253706348941,0.011209433862899854,5.124573194777986,105.33264629800324,84.83435351889129
2025-05-12,110.41999816894531,110.66999816894531,106.9800033569336,108.12000274658203,108.12000274658203,50543400,95.81949996948242,98.29839996337891,98.37141439060875,100.30111272453502,88.51305250627584,0.0513419544604361,5.872532296036374,107.56456456155517,84.07443537740967
2025-05-13,109.5999984741211,113.12999725341797,109.0,112.45999908447266,112.45999908447266,55659500,96.71749992370606,98.5829998779297,99.71318436145293,100.77793179747376,88.59742639259188,0.04014054964522118,6.936869945074303,110.59123981385466,82.84376003355746
2025-05-14,119.83000183105469,122.5199966430664,116.58999633789062,117.72000122070312,117.72000122070312,86743700,97.83899993896485,98.92239990234376,101.42811930042915,101.44232667681608,89.04939297982682,0.046772205042252324,8.360921598944168,114.56084313685318,81.11715674107651
2025-05-15,117.0199966430664,117.5,114.01000213623047,114.98999786376953,114.98999786376953,43843200,99.17399978637695,99.18879989624024,102.71972678265205,101.97360789983387,80.2440652001383,-0.023190650090253895,8.871966628554079,116.9179330434851,81.4300665292688
2025-05-16,118.06999969482422,118.23999786376953,116.01000213623047,117.16999816894531,117.16999816894531,43419700,100.65749969482422,99.55519989013672,104.09594310515617,102.56954477313235,82.2270550149559,0.01895817328180538,9.288029343167247,119.23355838115872,82.08144100848973
2025-05-19,115.0199966430664,115.52999877929688,114.05999755859375,114.73999786376953,114.73999786376953,37737400,102.116499710083,99.84379989624023,105.10966260597648,103.04681744335342,77.19861160081591,-0.020739099967143515,9.081186032978007,120.27887177603901,83.954127644127
2025-05-20,114.3499984741211,114.51000213623047,112.08000183105469,113.51000213623047,113.51000213623047,29030800,103.478999710083,100.18139999389649,105.90969494219114,103.45713841170154,73.57061177179642,-0.010719851406999603,8.608888041072124,120.69677579222724,86.26122362793876
2025-05-21,113.8499984741211,116.0999984741211,111.08999633789062,112.05999755859375,112.05999755859375,43594600,104.56249961853027,100.48739990234375,106.4954380485152,103.79450543706987,71.99543238074412,-0.012774245003506213,8.230170000246789,121.02283961902384,88.1021596180367
2025-05-22,111.9000015258789,112.63999938964844,110.61000061035156,110.70999908447266,110.70999908447266,29252000,105.37449951171875,100.68579986572266,106.89682481384447,104.06570126637979,67.39702041170216,-0.012047104261404318,7.979330586845315,121.33316068540938,89.41583833802812
2025-05-23,108.08999633789062,111.0199966430664,107.66999816894531,110.30999755859375,110.30999755859375,30867300,106.0574993133545,100.9297998046875,107.22188888477297,104.31057563078033,64.79902908741838,-0.003613056898082889,7.775254664823163,121.60800864300083,90.50698998370817
2025-05-27,113.18000030517578,115.4000015258789,112.2699966430664,114.55999755859375,114.55999755859375,37885000,106.96599922180175,101.20159973144531,107.9207563775178,104.71251374559655,72.69361270702497,0.03852778618495134,7.646676598079439,122.25935241796063,91.67264602564288
2025-05-28,114.91999816894531,114.94999694824219,112.66000366210938,112.86000061035156,112.86000061035156,27483700,107.80599937438964,101.36699981689453,108.39116059016864,105.03202303441047,67.81641868235926,-0.014839359152156839,7.30049735825572,122.40699409090108,93.2050046578782
2025-05-29,115.48999786376953,115.54000091552734,112.12999725341797,113.02999877929688,113.02999877929688,30501400,108.58999938964844,101.55739974975586,108.83295470341893,105.34566914205308,66.70598733039168,0.0015062747477048166,6.952156296913682,122.4943119834758,94.68568679582108
2025-05-30,111.58000183105469,112.11000061035156,108.62000274658203,110.7300033569336,110.7300033569336,36088500,109.29399948120117,101.64739974975586,109.01362600375367,105.55681950342095,61.248940815085625,-0.02034853974345574,6.367767566228265,122.0295346136577,96.55846434874464
2025-06-02,111.05999755859375,114.86000061035156,111.01000213623047,114.62999725341797,114.62999725341797,34078400,110.08549919128419,101.79719970703125,109.54851850372171,105.91263039557771,59.66161618220333,0.03522075118080603,5.965869095002296,122.01723738128878,98.15376100127959
2025-06-03,114.5,117.68000030517578,113.27999877929688,117.30999755859375,117.30999755859375,37161500,110.92149925231934,102.014599609375,110.28770698513809,106.35958597059795,57.57102687200693,0.023379572270694426,5.732140076587565,122.38577940549446,99.45721909914421
2025-06-04,117.41000366210938,119.30000305175781,115.7300033569336,118.58000183105469,118.58000183105469,31025000,111.91949920654297,102.10919967651367,111.07744935141586,106.83881796512566,51.5335249933474,0.010826053182948936,5.1895488830919945,122.29859697272695,101.54040144035898
2025-06-05,118.94999694824219,119.23999786376953,114.70999908447266,115.69000244140625,115.69000244140625,34091000,112.68599929809571,102.12679977416992,111.51674012189115,107.18592323870529,51.24114333825096,-0.024371726640432412,4.475319298410494,121.6366378949167,103.73536070127471
2025-06-06,117.69000244140625,118.37999725341797,115.87999725341797,116.19000244140625,116.19000244140625,27042100,113.4104995727539,102.24679977416992,111.96181272374973,107.53902438390925,48.15234514796774,0.004321894627439704,3.7107876243640177,120.83207482148194,105.98892432402587
2025-06-09,119.18000030517578,122.37000274658203,119.04000091552734,121.7300033569336,121.7300033569336,55437700,114.35499992370606,102.54839981079101,112.89211659357677,108.09553336324353,61.795490956731044,0.047680530158531687,3.2546803334605365,120.86436059062713,107.84563925678499
2025-06-10,121.11000061035156,124.08999633789062,120.80000305175781,123.23999786376953,123.23999786376953,41691900,115.11099967956542,102.94879974365234,113.87762909549988,108.68943393189161,66.2654622200705,0.012404456298324096,3.478529811695866,122.06805930295715,108.1539400561737
2025-06-11,124.44000244140625,124.47000122070312,119.87999725341797,121.13999938964844,121.13999938964844,32261900,115.54499969482421,103.31679977416992,114.56928340922832,109.17769140082325,64.8560325427818,-0.017039910017220605,3.666757756486951,122.87851520779812,108.21148418185031
2025-06-12,120.62000274658203,122.25,118.02999877929688,118.5,118.5,44718400,115.58399963378906,103.63119979858398,114.94363737025418,109.54327213020272,62.229207253989024,-0.02179296188665847,3.6951469717342227,122.97429357725751,108.19370569032061
2025-06-13,116.05000305175781,117.87999725341797,115.05999755859375,116.16000366210938,116.16000366210938,39702700,115.64249992370605,103.89519989013672,115.05948177900228,109.80275179812064,58.65642188163254,-0.019746804539161444,3.694509500746827,123.0315189251997,108.2534809222124
2025-06-16,118.63999938964844,128.13999938964844,117.77999877929688,126.38999938964844,126.38999938964844,100968500,116.1034999847412,104.54699981689453,116.13857869430191,110.45323209582762,64.87303198132264,0.08806814226088067,4.4025332499823175,124.90856648470584,107.29843348477657
2025-06-17,127.93000030517578,130.6999969482422,126.58000183105469,127.0999984741211,127.0999984741211,86623900,116.72150001525878,105.37379974365234,117.18252343523707,111.10604646360383,68.35998803061754,0.0056175258161350605,5.024618558790219,126.77073713283922,106.67226289767835
2025-06-18,128.00999450683594,129.2100067138672,125.7699966430664,126.79000091552734,126.79000091552734,49627100,117.38549995422363,106.23679977416992,118.09752129050281,111.72110350093418,67.67730071379579,-0.0024390052109786176,5.438324601422187,128.262149157068,106.50885075137926
